{
  "id" : "proj_b9AP50eGlvn",
  "name" : "Smart House",
  "intents" : [ {
    "id" : "lightsSet",
    "type" : "registry",
    "version" : "9.0.0",
    "language" : "en",
    "slots" : [ {
      "name" : "house_room",
      "id" : "slot_imported_S1ewa1XX3uM",
      "entityId" : "entity_MGX6zWEYaV1W",
      "missingQuestion" : "",
      "required" : false,
      "description" : "the room name"
    }, {
      "name" : "intensity_number",
      "id" : "slot_imported_HJTS6kQ72Of",
      "entityId" : "snips/number",
      "missingQuestion" : "",
      "required" : false,
      "description" : "the brightness intensity "
    }, {
      "name" : "intensity_percent",
      "id" : "slot_imported_HJjBa1mQh_M",
      "entityId" : "snips/percentage",
      "missingQuestion" : "",
      "required" : false,
      "description" : "the brightness intensity in percent"
    } ],
    "name" : "lightsSet",
    "enabledByDefault" : true
  }, {
    "id" : "lightsTurnOff",
    "type" : "registry",
    "version" : "12.0.0",
    "language" : "en",
    "slots" : [ {
      "name" : "house_room",
      "id" : "slot_imported_SyQ0gSnuM",
      "entityId" : "entity_e5qbPmkwz2we",
      "missingQuestion" : "",
      "required" : false
    } ],
    "name" : "lightsTurnOff",
    "enabledByDefault" : true
  }, {
    "id" : "lightsShift",
    "type" : "registry",
    "version" : "17.0.0",
    "language" : "en",
    "slots" : [ {
      "name" : "up_down",
      "id" : "slot_imported_SkFmFqqmh_G",
      "entityId" : "entity_rVwpPbdNB1bq",
      "missingQuestion" : "",
      "required" : false,
      "description" : "the direction of the shift - either up or down"
    }, {
      "name" : "house_room",
      "id" : "slot_imported_H15mF99QnuM",
      "entityId" : "entity_MGX6zWEYaV1W",
      "missingQuestion" : "",
      "required" : false,
      "description" : "the room name"
    }, {
      "name" : "intensity_number",
      "id" : "rkkFBS3_f",
      "entityId" : "snips/number",
      "missingQuestion" : "",
      "required" : false,
      "description" : "the relative shift in brightness intensity"
    }, {
      "name" : "intensity_percentage",
      "id" : "Sy-WsrrnuM",
      "entityId" : "snips/percentage",
      "missingQuestion" : "",
      "required" : false,
      "description" : "the relative shift of brightness in percent"
    } ],
    "name" : "lightsShift",
    "enabledByDefault" : true
  }, {
    "id" : "thermostatTurnOff",
    "type" : "registry",
    "version" : "15.0.0",
    "language" : "en",
    "slots" : [ {
      "name" : "temperature_device",
      "id" : "slot_imported_HkqC_ZQZVdz",
      "entityId" : "entity_NX56wQPwrmPv",
      "missingQuestion" : "",
      "required" : false
    }, {
      "name" : "house_room",
      "id" : "slot_imported_SkFRObQZ4OG",
      "entityId" : "entity_lOYad7OvYOz",
      "missingQuestion" : "",
      "required" : false
    } ],
    "name" : "thermostatTurnOff",
    "enabledByDefault" : true
  }, {
    "id" : "thermostatShift",
    "type" : "registry",
    "version" : "23.0.0",
    "language" : "en",
    "slots" : [ {
      "name" : "temperature_device",
      "id" : "slot_imported_BJDPlHZI-N_M",
      "entityId" : "entity_NX56wQPwrmPv",
      "missingQuestion" : "",
      "required" : false,
      "description" : "the device that is controlled"
    }, {
      "name" : "house_room",
      "id" : "slot_imported_ry-veBWIWVuz",
      "entityId" : "entity_lOYad7OvYOz",
      "missingQuestion" : "",
      "required" : false,
      "description" : "the part of the house concerned - can also be a group such as \"house\" or \"all\""
    }, {
      "name" : "temperature",
      "id" : "slot_imported_BJOvxS-U-N_f",
      "entityId" : "snips/temperature",
      "missingQuestion" : "H",
      "required" : false,
      "description" : "the shift in temperature ( ex: two degrees )"
    }, {
      "name" : "up_down",
      "id" : "HJQwL-4OM",
      "entityId" : "entity_Ad7vNqPNNgWg",
      "missingQuestion" : "",
      "required" : false,
      "description" : "specifies the direction of the temperature shift ( ex: \"increase\", \"down\", ...)"
    } ],
    "name" : "thermostatShift",
    "enabledByDefault" : true
  }, {
    "id" : "thermostatSet",
    "type" : "registry",
    "version" : "14.0.0",
    "language" : "en",
    "slots" : [ {
      "name" : "temperature_device",
      "id" : "slot_imported_rk2vXeeSbN_z",
      "entityId" : "entity_NX56wQPwrmPv",
      "missingQuestion" : "",
      "required" : false,
      "description" : "the device that is controlled"
    }, {
      "name" : "house_room",
      "id" : "slot_imported_HkHd7lgr-NuM",
      "entityId" : "entity_lOYad7OvYOz",
      "missingQuestion" : "",
      "required" : false,
      "description" : "the room or group of rooms ( ex: \"bedroom\" or \"house\" )"
    }, {
      "name" : "temperature",
      "id" : "slot_imported_SyIdQxxrbNuz",
      "entityId" : "snips/temperature",
      "missingQuestion" : "",
      "required" : false,
      "description" : "the absolute temperature that is targeted ( ex: twenty two degrees )"
    } ],
    "name" : "thermostatSet",
    "enabledByDefault" : true
  }, {
    "id" : "windowDevicesOpen",
    "type" : "registry",
    "version" : "6.0.0",
    "language" : "en",
    "slots" : [ {
      "name" : "window_devices",
      "id" : "slot_HJF7HqN6-",
      "entityId" : "entity_NwvGmgxnZGq",
      "missingQuestion" : "",
      "required" : false,
      "description" : "the type of device to open (window, blind, curtain, shutter)"
    }, {
      "name" : "number",
      "id" : "slot_Bk7UD546b",
      "entityId" : "snips/number",
      "missingQuestion" : "",
      "required" : false,
      "description" : "the opening range from zero to a hundred"
    }, {
      "name" : "unit",
      "id" : "slot_ryciD9Eab",
      "entityId" : "entity_xXQM5KAqleG",
      "missingQuestion" : "",
      "required" : false,
      "description" : "the percents"
    }, {
      "name" : "house_room",
      "id" : "slot_SkFgdT2aW",
      "entityId" : "entity_lOYad7OvYOz",
      "missingQuestion" : "",
      "required" : false,
      "description" : "The room name"
    } ],
    "name" : "windowDevicesOpen",
    "enabledByDefault" : true
  }, {
    "id" : "windowDevicesClose",
    "type" : "registry",
    "version" : "10.0.0",
    "language" : "en",
    "slots" : [ {
      "name" : "window_devices",
      "id" : "slot_imported_SkMTPa9N6b",
      "entityId" : "entity_NwvGmgxnZGq",
      "missingQuestion" : "",
      "required" : false,
      "description" : "the type of device to close (window, blind, curtain, shutter)"
    }, {
      "name" : "number",
      "id" : "slot_imported_Sye6D65EaW",
      "entityId" : "snips/number",
      "missingQuestion" : "",
      "required" : false,
      "description" : "the opening range from zero to a hundred"
    }, {
      "name" : "unit",
      "id" : "slot_imported_rkZ6v694aW",
      "entityId" : "entity_xXQM5KAqleG",
      "missingQuestion" : "",
      "required" : false,
      "description" : "the percents"
    }, {
      "name" : "house_room",
      "id" : "slot_H1doL63Tb",
      "entityId" : "entity_lOYad7OvYOz",
      "missingQuestion" : "",
      "required" : false,
      "description" : "the room name"
    } ],
    "name" : "windowDevicesClose",
    "enabledByDefault" : true
  }, {
    "id" : "windowDevicesPause",
    "type" : "registry",
    "version" : "11.0.0",
    "language" : "en",
    "slots" : [ {
      "name" : "window_devices",
      "id" : "slot_imported_HyeA6CqVTW",
      "entityId" : "entity_NwvGmgxnZGq",
      "missingQuestion" : "",
      "required" : false,
      "description" : "the type of device to pause (window, blind, curtain, shutter)"
    }, {
      "name" : "house_room",
      "id" : "slot_HkCL_p3ab",
      "entityId" : "entity_lOYad7OvYOz",
      "missingQuestion" : "",
      "required" : false,
      "description" : "The room name"
    } ],
    "name" : "windowDevicesPause",
    "enabledByDefault" : true
  } ],
  "createdAt" : "2019-07-30T09:42:47.047Z",
  "language" : "en",
  "version" : {
    "nluModel" : "0.19.7"
  },
  "platform" : {
    "type" : "raspberrypi"
  },
  "asr" : {
    "type" : "snips"
  },
  "analyticsEnabled" : true,
  "heartbeatEnabled" : true,
  "hotword" : "hey_snips"
}