{
  "parsers_metadata": [
    {
      "entity_identifier": "house_room",
      "entity_parser": "parser_1"
    },
    {
      "entity_identifier": "house_room_6",
      "entity_parser": "parser_2"
    },
    {
      "entity_identifier": "house_room_7",
      "entity_parser": "parser_3"
    },
    {
      "entity_identifier": "temperature_device",
      "entity_parser": "parser_4"
    },
    {
      "entity_identifier": "unit",
      "entity_parser": "parser_5"
    },
    {
      "entity_identifier": "up_down",
      "entity_parser": "parser_6"
    },
    {
      "entity_identifier": "up_down_lights",
      "entity_parser": "parser_7"
    },
    {
      "entity_identifier": "window_devices",
      "entity_parser": "parser_8"
    }
  ]
}