{
    "up_down_lights": {
        "vanilla": "d245256f-8dc0-47b9-90aa-f2d9847304fc.vanilla", 
        "ngram": true, 
        "added": "d245256f-8dc0-47b9-90aa-f2d9847304fc.added", 
        "pruningThresholds": [], 
        "order": 3
    }, 
    "temperature_device": {
        "vanilla": "cc89316d-a887-4954-9e3c-c0e3fe5c7731.vanilla", 
        "ngram": true, 
        "added": "cc89316d-a887-4954-9e3c-c0e3fe5c7731.added", 
        "pruningThresholds": [], 
        "order": 3
    }, 
    "house_room_7": {
        "vanilla": "067dc764-0dd5-4c9a-b236-7c718dd696c5.vanilla", 
        "ngram": true, 
        "added": "067dc764-0dd5-4c9a-b236-7c718dd696c5.added", 
        "pruningThresholds": [], 
        "order": 3
    }, 
    "house_room_6": {
        "vanilla": "83ed6425-b469-44fa-b73c-a218e7ff3616.vanilla", 
        "ngram": true, 
        "added": "83ed6425-b469-44fa-b73c-a218e7ff3616.added", 
        "pruningThresholds": [], 
        "order": 3
    }, 
    "window_devices": {
        "vanilla": "4b315981-4355-4cbd-8e24-83ce1d69c980.vanilla", 
        "ngram": true, 
        "added": "4b315981-4355-4cbd-8e24-83ce1d69c980.added", 
        "pruningThresholds": [], 
        "order": 3
    }, 
    "snips/number": {
        "vanilla": "4589ce2d-46e2-4dc7-ac8b-60de3a401cdc.vanilla", 
        "ngram": false, 
        "added": "4589ce2d-46e2-4dc7-ac8b-60de3a401cdc.added", 
        "pruningThresholds": [], 
        "order": 0
    }, 
    "house_room": {
        "vanilla": "b17c3714-39da-49fe-ac77-cf70b790bf58.vanilla", 
        "ngram": true, 
        "added": "b17c3714-39da-49fe-ac77-cf70b790bf58.added", 
        "pruningThresholds": [], 
        "order": 3
    }, 
    "snips/percentage": {
        "vanilla": "261aa1d2-b2c4-4f55-be32-726b467e2157.vanilla", 
        "ngram": false, 
        "added": "261aa1d2-b2c4-4f55-be32-726b467e2157.added", 
        "pruningThresholds": [], 
        "order": 0
    }, 
    "snips/temperature": {
        "vanilla": "140fa8e8-8815-4ae7-a607-b7a36f016c9f.vanilla", 
        "ngram": false, 
        "added": "140fa8e8-8815-4ae7-a607-b7a36f016c9f.added", 
        "pruningThresholds": [], 
        "order": 0
    }, 
    "up_down": {
        "vanilla": "a7594bfb-d056-4620-9a1f-9192a6a77c0a.vanilla", 
        "ngram": true, 
        "added": "a7594bfb-d056-4620-9a1f-9192a6a77c0a.added", 
        "pruningThresholds": [], 
        "order": 3
    }, 
    "unit": {
        "vanilla": "5e0a8142-4693-4d37-9187-dec8a24a997f.vanilla", 
        "ngram": true, 
        "added": "5e0a8142-4693-4d37-9187-dec8a24a997f.added", 
        "pruningThresholds": [], 
        "order": 3
    }
}